{
  "eval_auc": [
    0.830177446249071,
    0.8293985765891113,
    0.8291748812158829,
    0.833054042494922,
    0.8356220482788218
  ],
  "test_auc": [
    0.8328547501905308,
    0.8300370989860789,
    0.8268344064925053,
    0.8289312071431656,
    0.8296199824782576
  ],
  "test_gini": [
    0.6325233238970802,
    0.6208221769289074,
    0.6135022958221565,
    0.6238735805269894,
    0.6214616938994957
  ],
  "description": "Check if removing cat columns with 1 value improve anything"
}