{
  "eval_auc": [
    0.8357102175699757,
    0.8326606086027214,
    0.8347173540188285,
    0.8305945086425682,
    0.8313617645245195
  ],
  "test_auc": [
    0.8280202205947221,
    0.8291077723572865,
    0.8311038480103675,
    0.8305296134727164,
    0.8305439356199763
  ],
  "test_gini": [
    0.582265420773391,
    0.6002077509387944,
    0.6328909634238724,
    0.6258403544472652,
    0.6211894053339285
  ],
  "description": "See if thowing rare category values into others value improves anything"
}