{
  "eval_auc": [
    0.8300499541847467,
    0.8313297285755487,
    0.8328827367384553,
    0.8302012581264075,
    0.8321087049971262
  ],
  "test_auc": [
    0.8292485000444124,
    0.8281383707806234,
    0.8298310251132957,
    0.8332721845915211,
    0.8326672647208504
  ],
  "test_gini": [
    0.6266833932049111,
    0.6221536096325962,
    0.6082087169674084,
    0.6232007238216006,
    0.6058632413709146
  ]
}